folder_name,file_name,model,mean_input_tokens,mean_output_tokens,concurrent_requests,results_ttft_s_mean,results_inter_token_latency_s_mean,results_end_to_end_latency_s_mean
llmperf,qwen3_32000_1000_24_1766127851056_summary.json,qwen3,32000,1000,24,15.921103835540029,27.80004581574945,43.74574054594996
llmperf,qwen3_32000_1000_24_1766126594708_summary.json,qwen3,32000,1000,24,13.525456470330633,28.125015901901616,41.67062637724545
llmperf,qwen3_32000_1000_24_1766128081988_summary.json,qwen3,32000,1000,24,23.43632865645486,27.727214474590024,51.18228778912453
llmperf,qwen3_32000_1000_24_1766126399670_summary.json,qwen3,32000,1000,24,12.285931475079755,27.77014937051467,40.06670895912248
llmperf,qwen3_32000_1000_24_1766127625128_summary.json,qwen3,32000,1000,24,9.545867353539506,27.707279435815284,37.21101817133361
llmperf,qwen3_32000_1000_24_1766129505415_summary.json,qwen3,32000,1000,24,8.058965003338622,28.08644978046541,36.15983509670574
llmperf,qwen3_32000_1000_24_1766129725239_summary.json,qwen3,32000,1000,24,6.902021142503751,28.779069300995044,35.70280759458061
llmperf,qwen3_32000_1000_24_1766129285673_summary.json,qwen3,32000,1000,24,7.614173343710718,28.18536256649666,35.82168259358392
llmperf,qwen3_32000_1000_24_1766126789152_summary.json,qwen3,32000,1000,24,12.0851896034607,28.506444907867923,40.613381985213586
