folder_name,file_name,model,mean_input_tokens,mean_output_tokens,concurrent_requests,results_ttft_s_mean,results_inter_token_latency_s_mean,results_end_to_end_latency_s_mean
llmperf,qwen3_32000_1000_24_1766130497466_summary.json,qwen3,32000,1000,24,8.18646319283774,28.02368903171301,36.23499805112806
llmperf,qwen3_32000_1000_24_1766130719734_summary.json,qwen3,32000,1000,24,8.246832822335515,28.33442691487664,36.5920990104593
llmperf,qwen3_32000_1000_24_1766130939225_summary.json,qwen3,32000,1000,24,7.457589540419576,28.254537379774153,35.73251898029897
